algorithm,metric,delta_avg,delta_pct_avg,wins,losses,ties
nearest,total_minutes,-257.3933333333333,-16.735055427537915,27,3,0
nearest,total_km,-140.21999999999997,-19.84682890324074,22,1,7
nearest,search_moves,-223.03333333333333,324.3505798818503,27,3,0
nearest,total_cost_eur,-198.72799999999995,-20.376470949155056,27,3,0
nearest,co2_kg,-111.47600000000001,-19.84756610796614,22,1,7
