algorithm,metric,delta_avg,delta_pct_avg,wins,losses,ties
nearest,total_minutes,-191.48666666666668,-12.83761417337118,26,4,0
nearest,total_km,-140.21999999999997,-19.84682890324074,22,1,7
nearest,search_moves,-676.8666666666667,-76.73524769734189,28,1,1
nearest,total_cost_eur,-169.11000000000004,-17.08791642170392,26,4,0
nearest,co2_kg,-111.47600000000001,-19.84756610796614,22,1,7
